Unnamed: 0,Name,Date & Time,Location,Type,Region,Latitude,Longitude,weather,temperature,wind_speed,wind_direction
0,Steinunn Porarinsdottir: Wayfinders,Now through 1/28/2024,National Nordic Museum,Museums,Fremont / Ballard,47.6683615,-122.39177949359151,Rain,53,9 to 13 mph,S
1,Hanako O’Leary: Izanami,Now through 1/28/2024,Frye Art Museum,Museums,Capitol Hill / Central District,47.60719095,-122.32405377084557,Rain,53,8 to 12 mph,S
2,Gage Alumni Show,Now through 1/28/2024,Fountainhead Gallery,Visual Arts & Galleries,Queen Anne / Seattle Center,,,Rain,53,8 to 12 mph,S
3,Genre Box,Now through 1/28/2024,Market Theatre,Theatre,Downtown,,,Rain,53,8 to 12 mph,S
4,Bohemia,Now through 1/28/2024,The Triple Door,Theatre,Downtown,47.6086439,-122.337685,Rain,53,10 mph,S
5,Alice in Shadowland,Now through 1/28/2024,12th Avenue Arts,Theatre,Capitol Hill / Central District,,,Rain,53,8 to 12 mph,S
6,Lee Ritenour and Dave Grusin,Now through 1/28/2024,Dimitriou's Jazz Alley,Music,Downtown,47.6148163,-122.339691,Rain,53,10 mph,S
7,Tacoma Home + Garden Show,Now through 1/28/2024,Tacoma Dome,Festivals & Special Events,South,,,Rain,53,8 to 12 mph,S
8,Annie Eastwood with Kimball and the Fugitives,1/28/2024,Sea Monster Lounge,Music,Wallingford / Greenlake,47.6615049,-122.332319,Rain,53,8 to 12 mph,S
9,Steinunn Porarinsdottir: Wayfinders,Now through 1/28/2024,National Nordic Museum,Museums,Fremont / Ballard,47.6683615,-122.39177949359151,Rain,53,9 to 13 mph,S
10,Hanako O’Leary: Izanami,Now through 1/28/2024,Frye Art Museum,Museums,Capitol Hill / Central District,47.60719095,-122.32405377084557,Rain,53,8 to 12 mph,S
11,Gage Alumni Show,Now through 1/28/2024,Fountainhead Gallery,Visual Arts & Galleries,Queen Anne / Seattle Center,,,Rain,53,8 to 12 mph,S
12,Genre Box,Now through 1/28/2024,Market Theatre,Theatre,Downtown,,,Rain,53,8 to 12 mph,S
13,Bohemia,Now through 1/28/2024,The Triple Door,Theatre,Downtown,47.6086439,-122.337685,Rain,53,10 mph,S
14,Alice in Shadowland,Now through 1/28/2024,12th Avenue Arts,Theatre,Capitol Hill / Central District,,,Rain,53,8 to 12 mph,S
15,Lee Ritenour and Dave Grusin,Now through 1/28/2024,Dimitriou's Jazz Alley,Music,Downtown,47.6148163,-122.339691,Rain,53,10 mph,S
16,Tacoma Home + Garden Show,Now through 1/28/2024,Tacoma Dome,Festivals & Special Events,South,,,Rain,53,8 to 12 mph,S
17,Annie Eastwood with Kimball and the Fugitives,1/28/2024,Sea Monster Lounge,Music,Wallingford / Greenlake,47.6615049,-122.332319,Rain,53,8 to 12 mph,S
18,Black and Boujee Panel Discussion,1/28/2024,Bainbridge Island Museum of Art,Readings & Lectures,West,,,Rain,53,8 to 12 mph,S
19,Celebrate Asia,1/28/2024,Benaroya Hall,Music,Downtown,47.60811665,-122.33697040702704,Rain,53,8 to 12 mph,S
20,Django’s Birthday Concert with Ranger and the Re-Arrangers,1/28/2024,The Royal Room,Music,South Seattle,47.5569023,-122.2842722,Rain,53,8 to 12 mph,S
21,Family Day with Birds Connect Seattle,1/28/2024,National Nordic Museum,Museums,Fremont / Ballard,47.6683615,-122.39177949359151,Rain,53,8 to 12 mph,S
22,Fossil Finders | Ice Ages,1/28/2024,Burke Museum,Museums,University District,47.6605211,-122.31156049949824,Rain,53,8 to 12 mph,S
23,Seattle Kraken vs. Columbus Blue Jackets,1/28/2024,Climate Pledge Arena,Sports,Queen Anne / Seattle Center,47.6219014,-122.353990491486,Rain,53,8 to 12 mph,S
24,Tacoma Stars vs. San Diego Sockers,1/28/2024,accesso ShoWare Center,Sports,South,,,Rain,53,8 to 12 mph,S
25,Adira Sharkey,1/29/2024,Tractor Tavern,Music,Fremont / Ballard,47.6657081,-122.38280295082916,Rain,53,8 to 12 mph,S
26,"Car, The Garden",1/29/2024,The Crocodile,Music,Downtown,47.6146474,-122.3490734,Rain,53,8 to 12 mph,S
27,Walla Walla Wine On Tour,1/29/2024,Marion Oliver McCaw Hall,Festivals & Special Events,Queen Anne / Seattle Center,47.62397705,-122.35038850536958,Rain,53,8 to 12 mph,S
28,Cheryl Wheeler,1/30/2024,The Triple Door,Music,Downtown,47.6086439,-122.337685,Rain,53,8 to 12 mph,S
29,Giantish,1/30/2024,High Dive,Music,Fremont / Ballard,47.6514631,-122.3517391,Rain,53,8 to 12 mph,S
30,Seattle Thunderbirds vs. Prince George Cougars,1/30/2024,accesso ShoWare Center,Sports,South,,,Rain,53,8 to 12 mph,S
31,A/political Rocks,Now through 1/31/2024,Henry Art Gallery,Museums,University District,47.6565246,-122.31173279895636,Rain,52,8 to 12 mph,S
32,Sophia Al-Maria,Now through 1/31/2024,Henry Art Gallery,Museums,University District,47.6565246,-122.31173279895636,Rain,52,8 to 12 mph,S
33,Jahari Stampley,1/30/2024 through 1/31/2024,Dimitriou's Jazz Alley,Music,Downtown,47.6148163,-122.339691,Rain,53,8 to 12 mph,S
34,FRAKTURED: Home of the Broken Beat,1/31/2024,High Dive,Music,Fremont / Ballard,47.6514631,-122.3517391,Rain,53,8 to 12 mph,S
35,G3- 25th Anniversary reunion,1/31/2024,The Moore Theatre,Music,Downtown,,,Rain,53,8 to 12 mph,S
36,JP Saxe,1/31/2024,The Showbox,Music,Downtown,47.6085136,-122.3394726,Rain,53,8 to 12 mph,S
37,Los Lobos,1/31/2024,The Triple Door,Music,Downtown,47.6086439,-122.337685,Rain,53,8 to 12 mph,S
38,The Daimonics,1/31/2024,The Royal Room,Music,South Seattle,47.5569023,-122.2842722,Rain,53,8 to 12 mph,S
39,BabyTron,2/1/2024,The Showbox,Music,Downtown,47.6085136,-122.3394726,Rain,53,8 to 12 mph,S
40,Battlestar Kalakala,2/1/2024,Sea Monster Lounge,Music,Wallingford / Greenlake,47.6615049,-122.332319,Rain,53,8 to 12 mph,S
41,Catalyzing Change with Akuyea Karen Vargas,2/1/2024,Bainbridge Island Museum of Art,Readings & Lectures,West,,,Rain,53,8 to 12 mph,S
42,Exceptional Failures,2/1/2024,Tractor Tavern,Music,Fremont / Ballard,47.6657081,-122.38280295082916,Rain,53,8 to 12 mph,S
43,Jamila Woods,2/1/2024,Neumos,Music,Capitol Hill / Central District,47.613954,-122.3196108,Rain,53,8 to 12 mph,S
44,Jazz is Dead: Blue Note 85,2/1/2024,The Neptune Theatre,Music,University District,,,Rain,53,8 to 12 mph,S
45,Michelle Cann,2/1/2024,Meany Center for the Performing Arts,Music,University District,,,Rain,53,8 to 12 mph,S
46,Pakt,2/1/2024,Funhouse,Music,Capitol Hill / Central District,,,Rain,53,8 to 12 mph,S
47,Public Theatre,2/1/2024,Barboza,Music,Capitol Hill / Central District,47.6138274,-122.3196284,Rain,53,8 to 12 mph,S
48,American Flats Album Release,2/2/2024,The Royal Room,Music,South Seattle,47.5569023,-122.2842722,Rain,53,8 to 12 mph,S
49,Erik Walters,2/2/2024,Barboza,Music,Capitol Hill / Central District,47.6138274,-122.3196284,Rain,53,8 to 12 mph,S
50,Memoir,2/2/2024,Benaroya Hall,Music,Downtown,47.60811665,-122.33697040702704,Rain,53,8 to 12 mph,S
51,Nora En Pure,2/2/2024,Showbox SoDo,Music,Pioneer Square,47.5880461,-122.333928,Rain,53,8 to 12 mph,S
52,Poolside,2/2/2024,The Showbox,Music,Downtown,47.6085136,-122.3394726,Rain,53,8 to 12 mph,S
53,Tacoma Stars vs. Monterrey Flash,2/2/2024,accesso ShoWare Center,Sports,South,,,Rain,53,8 to 12 mph,S
54,Jaha Koo: The History of Korean Western Theatre,2/1/2024 through 2/3/2024,On The Boards,Theatre,Queen Anne / Seattle Center,47.6258303,-122.3581949,Rain,53,8 to 12 mph,S
55,The Winds: Medley of Emotions,2/2/2024 through 2/3/2024,Benaroya Hall,Music,Downtown,47.60811665,-122.33697040702704,Rain,53,8 to 12 mph,S
56,All Will Suffer,2/3/2024,Funhouse,Music,Capitol Hill / Central District,,,Rain,53,8 to 12 mph,S
57,Banned & Beloved,2/3/2024,Town Hall Seattle,Music,Downtown,47.6090191,-122.32993774092222,Rain,53,8 to 12 mph,S
58,Cold War Kids – 20 Years Tour,2/3/2024,The Moore Theatre,Music,Downtown,,,Rain,53,8 to 12 mph,S
59,Mau P,2/3/2024,The Showbox,Music,Downtown,47.6085136,-122.3394726,Rain,53,8 to 12 mph,S
60,Oble,2/3/2024,Barboza,Music,Capitol Hill / Central District,47.6138274,-122.3196284,Rain,53,8 to 12 mph,S
61,Randy Rainbow for President,2/3/2024,The Paramount Theatre,Theatre,Downtown,,,Rain,53,8 to 12 mph,S
62,The Delta Bombers,2/3/2024,El Corazon,Music,Downtown,47.6188258,-122.3293843,Rain,53,8 to 12 mph,S
63,The Grave Plot Film Fest part 6,2/3/2024,Ark Lodge Cinemas,Film & Media Arts,South Seattle,47.5589937,-122.285421,Rain,53,8 to 12 mph,S
64,Seattle Chamber Music Winter Festival,Now through 2/4/2024,Benaroya Hall,Music,Downtown,47.60811665,-122.33697040702704,Rain,53,10 mph,S
65,Beethoven Emperor Concerto,2/1/2024 through 2/4/2024,Benaroya Hall,Music,Downtown,47.60811665,-122.33697040702704,Rain,53,8 to 12 mph,S
66,Sergio Mendes,2/1/2024 through 2/4/2024,Dimitriou's Jazz Alley,Music,Downtown,47.6148163,-122.339691,Rain,53,8 to 12 mph,S
67,Daniel Tiger’s Neighborhood,2/4/2024,The Paramount Theatre,Theatre,Downtown,,,Rain,53,8 to 12 mph,S
68,Family Art Day: La Vaughn Belle,2/4/2024,National Nordic Museum,Museums,Fremont / Ballard,47.6683615,-122.39177949359151,Rain,53,8 to 12 mph,S
69,Lil Skies,2/4/2024,The Showbox,Music,Downtown,47.6085136,-122.3394726,Rain,53,8 to 12 mph,S
70,Secular and Sacred,2/4/2024,Town Hall Seattle,Music,Downtown,47.6090191,-122.32993774092222,Rain,53,8 to 12 mph,S
71,Criminal,2/5/2024,The Moore Theatre,Theatre,Downtown,,,Rain,53,8 to 12 mph,S
72,Neck Deep,2/5/2024,Showbox SoDo,Music,Pioneer Square,47.5880461,-122.333928,Rain,53,8 to 12 mph,S
73,Kazu Kibuishi with Donna Barba Higuera,2/6/2024,Town Hall Seattle,Readings & Lectures,Downtown,47.6090191,-122.32993774092222,Rain,53,8 to 12 mph,S
74,Kristin Hannah,2/6/2024,Benaroya Hall,Readings & Lectures,Downtown,47.60811665,-122.33697040702704,Rain,53,8 to 12 mph,S
75,Michael J. Gerhardt,2/6/2024,Town Hall Seattle,Readings & Lectures,Downtown,47.6090191,-122.32993774092222,Rain,53,8 to 12 mph,S
76,Night Lovell,2/6/2024,The Showbox,Music,Downtown,47.6085136,-122.3394726,Rain,53,8 to 12 mph,S
77,Soja,2/6/2024,The Neptune Theatre,Music,University District,,,Rain,53,8 to 12 mph,S
78,Kenny Barron Trio,2/6/2024 through 2/7/2024,Dimitriou's Jazz Alley,Music,Downtown,47.6148163,-122.339691,Rain,53,8 to 12 mph,S
79,Dimiter,2/7/2024,Sunset Tavern,Music,Fremont / Ballard,47.6682756,-122.3860837,Rain,53,8 to 12 mph,S
80,Tamara Payne: The Life and Legacy of Malcolm X,2/7/2024,Town Hall Seattle,Readings & Lectures,Downtown,47.6090191,-122.32993774092222,Rain,53,8 to 12 mph,S
81,The Kills,2/7/2024,Showbox SoDo,Music,Pioneer Square,47.5880461,-122.333928,Rain,53,8 to 12 mph,S
82,An Evening with Tina Campt: Black Feminist Visual Culture,2/8/2024,Town Hall Seattle,Readings & Lectures,Downtown,47.6090191,-122.32993774092222,Rain,53,8 to 12 mph,S
83,Art and Transformation,2/8/2024,Bainbridge Island Museum of Art,Readings & Lectures,West,,,Rain,53,8 to 12 mph,S
84,Eric Bellinger,2/8/2024,The Showbox,Music,Downtown,47.6085136,-122.3394726,Rain,53,8 to 12 mph,S
85,Futurebirds and Nude Party,2/8/2024,The Neptune Theatre,Music,University District,,,Rain,53,8 to 12 mph,S
86,Ilana Glazer Live,2/8/2024,The Moore Theatre,Theatre,Downtown,,,Rain,53,8 to 12 mph,S
87,Mister Blank,2/8/2024,Nectar Lounge,Music,Fremont / Ballard,47.6523876,-122.3538541520202,Rain,53,8 to 12 mph,S
88,The Thorn,2/8/2024 through 2/9/2024,The Paramount Theatre,Theatre,Downtown,,,Rain,53,8 to 12 mph,S
89,Barry Can’t Swim,2/9/2024,Neumos,Music,Capitol Hill / Central District,47.613954,-122.3196108,Rain,53,8 to 12 mph,S
90,Dark Star Orchestra,2/9/2024,The Showbox,Music,Downtown,47.6085136,-122.3394726,Rain,53,8 to 12 mph,S
91,Gov’t Mule,2/9/2024,The Moore Theatre,Music,Downtown,,,Rain,53,8 to 12 mph,S
92,Ijeoma Oluo: Be A Revolution,2/9/2024,Town Hall Seattle,Readings & Lectures,Downtown,47.6090191,-122.32993774092222,Rain,53,8 to 12 mph,S
93,Mayer Hawthorne,2/9/2024,The Neptune Theatre,Music,University District,,,Rain,53,8 to 12 mph,S
94,Moontricks,2/9/2024,The Crocodile,Music,Downtown,47.6146474,-122.3490734,Rain,53,8 to 12 mph,S
95,OBOE / OBOE,2/9/2024,415 Westlake,Music,Queen Anne / Seattle Center,47.622554,-122.3386578,Rain,53,8 to 12 mph,S
96,Roots and Wings,2/9/2024,Rendezvous JewelBox Theater,Theatre,Downtown,47.6146245,-122.3462961,Rain,53,8 to 12 mph,S
97,Seattle Boat Show,2/2/2024 through 2/10/2024,Lumen Field,Festivals & Special Events,Pioneer Square,47.5953459,-122.33164431196111,Rain,53,8 to 12 mph,S
98,Randall Goosby Plays Mozart,2/8/2024 through 2/10/2024,Benaroya Hall,Music,Downtown,47.60811665,-122.33697040702704,Rain,53,8 to 12 mph,S
99,Art by Design,2/9/2024 through 2/10/2024,Seattle Design Center,Visual Arts & Galleries,Downtown,47.55148885,-122.32828666347224,Rain,53,8 to 12 mph,S
100,The Love Show,2/9/2024 through 2/10/2024,The Royal Room,Theatre,South Seattle,47.5569023,-122.2842722,Rain,53,8 to 12 mph,S
101,Brazilian Carnaval 2024,2/10/2024,The Crocodile,Music,Downtown,47.6146474,-122.3490734,Rain,53,8 to 12 mph,S
102,Chase Rice,2/10/2024,Showbox SoDo,Music,Pioneer Square,47.5880461,-122.333928,Rain,53,8 to 12 mph,S
103,Joe “Mr. D”  Dombrowski,2/10/2024,The Moore Theatre,Theatre,Downtown,,,Rain,53,8 to 12 mph,S
104,JVNA,2/10/2024,The Showbox,Music,Downtown,47.6085136,-122.3394726,Rain,53,8 to 12 mph,S
105,Linda From Work,2/10/2024,Barboza,Music,Capitol Hill / Central District,47.6138274,-122.3196284,Rain,53,8 to 12 mph,S
106,The Brother Brothers,2/10/2024,Tractor Tavern,Music,Fremont / Ballard,47.6657081,-122.38280295082916,Rain,53,8 to 12 mph,S
107,The Temptations &  The Four Tops,2/10/2024,The Paramount Theatre,Music,Downtown,,,Rain,53,8 to 12 mph,S
108,Quixote Nuevo,Now through 2/11/2024,Seattle Rep,Theatre,Queen Anne / Seattle Center,,,Rain,53,8 to 12 mph,S
109,Kent Stowell’s Swan Lake,2/2/2024 through 2/11/2024,Marion Oliver McCaw Hall,Dance,Queen Anne / Seattle Center,47.62397705,-122.35038850536958,Rain,53,8 to 12 mph,S
110,Blood Sweat  and Tears,2/8/2024 through 2/11/2024,Dimitriou's Jazz Alley,Music,Downtown,47.6148163,-122.339691,Rain,53,8 to 12 mph,S
111,Love at the Zoo,2/10/2024 through 2/11/2024,Point Defiance Zoo and Aquarium,Festivals & Special Events,South,,,Rain,53,8 to 12 mph,S
112,Scott Bradlee’s Postmodern Jukebox,2/11/2024,The Paramount Theatre,Music,Downtown,,,Rain,53,8 to 12 mph,S
113,Tourist and Amtrac,2/11/2024,The Showbox,Music,Downtown,47.6085136,-122.3394726,Rain,53,8 to 12 mph,S
114,6th Annual Sami Film Festival,2/9/2024 through 2/12/2024,Majestic Bay Theatres,Museums,Fremont / Ballard,,,Rain,53,8 to 12 mph,S
115,Eliades Ochoa,2/13/2024,The Moore Theatre,Music,Downtown,,,Rain,53,8 to 12 mph,S
116,K. Wayne Yang,2/13/2024,Town Hall Seattle,Readings & Lectures,Downtown,47.6090191,-122.32993774092222,Rain,53,8 to 12 mph,S
117,Juanes,2/14/2024,The Moore Theatre,Music,Downtown,,,Rain,53,8 to 12 mph,S
118,Black Dogs,2/15/2024,Sea Monster Lounge,Music,Wallingford / Greenlake,47.6615049,-122.332319,Rain,53,8 to 12 mph,S
119,Hear Me Talkin’ to You: Womxn and Blues,2/15/2024,The Royal Room,Music,South Seattle,47.5569023,-122.2842722,Rain,53,8 to 12 mph,S
120,Maddie Zahm,2/15/2024,The Neptune Theatre,Music,University District,,,Rain,53,8 to 12 mph,S
121,Silversun Pickups,2/15/2024,The Moore Theatre,Music,Downtown,,,Rain,53,8 to 12 mph,S
122,The Brodies,2/15/2024,High Dive,Music,Fremont / Ballard,47.6514631,-122.3517391,Rain,53,8 to 12 mph,S
123,Cory Wong Winter 2024 Tour,2/16/2024,The Paramount Theatre,Music,Downtown,,,Rain,53,8 to 12 mph,S
124,Left on Tenth,2/16/2024,High Dive,Music,Fremont / Ballard,47.6514631,-122.3517391,Rain,53,8 to 12 mph,S
125,Marlon Wayans,2/16/2024,The Moore Theatre,Theatre,Downtown,,,Rain,53,8 to 12 mph,S
126,Riley Mulherkar: Album Release Show,2/16/2024,The Royal Room,Music,South Seattle,47.5569023,-122.2842722,Rain,53,8 to 12 mph,S
127,Yeah!,2/16/2024,Nectar Lounge,Music,Fremont / Ballard,47.6523876,-122.3538541520202,Rain,53,8 to 12 mph,S
128,Circa:Humans 2.0,2/15/2024 through 2/17/2024,Meany Center for the Performing Arts,Theatre,University District,,,Rain,53,8 to 12 mph,S
129,Big Business,2/17/2024,Tractor Tavern,Music,Fremont / Ballard,47.6657081,-122.38280295082916,Rain,53,8 to 12 mph,S
130,David Wax Museum,2/17/2024,Fremont Abbey Arts Center,Music,Fremont / Ballard,47.6592234,-122.349792,Rain,53,8 to 12 mph,S
131,Jon Batiste,2/17/2024,The Paramount Theatre,Music,Downtown,,,Rain,53,8 to 12 mph,S
132,lespecial,2/17/2024,High Dive,Music,Fremont / Ballard,47.6514631,-122.3517391,Rain,53,8 to 12 mph,S
133,TobyMac Hits Deep 2024,2/17/2024,accesso ShoWare Center,Music,South,,,Rain,53,8 to 12 mph,S
134,A Case for the Existence of God,2/2/2024 through 2/18/2024,ACT Theatre,Theatre,Downtown,47.6108495,-122.3323262,Rain,53,8 to 12 mph,S
135,Northwest Flower & Garden Festival,2/14/2024 through 2/18/2024,Seattle Convention Center,Festivals & Special Events,Downtown,47.61175385,-122.33156275066185,Rain,53,8 to 12 mph,S
136,The Princess Bride in Concert with the Seattle Symphony,2/14/2024 through 2/18/2024,Benaroya Hall,Music,Downtown,47.60811665,-122.33697040702704,Rain,53,8 to 12 mph,S
137,Mindi Abair Wine and Jazz Tour 2024,2/15/2024 through 2/18/2024,Dimitriou's Jazz Alley,Music,Downtown,47.6148163,-122.339691,Rain,53,8 to 12 mph,S
138,Madonna,2/17/2024 through 2/18/2024,Climate Pledge Arena,Music,Queen Anne / Seattle Center,47.6219014,-122.353990491486,Rain,53,8 to 12 mph,S
139,Aqua Fools’ Day,2/18/2024,High Dive,Music,Fremont / Ballard,47.6514631,-122.3517391,Rain,53,8 to 12 mph,S
140,Dr. Joy Buolamwini,2/18/2024,Town Hall Seattle,Readings & Lectures,Downtown,47.6090191,-122.32993774092222,Rain,53,8 to 12 mph,S
141,La Nef: Red Sky at Night,2/18/2024,Town Hall Seattle,Music,Downtown,47.6090191,-122.32993774092222,Rain,53,8 to 12 mph,S
142,Love Beyond Border,2/18/2024,Benaroya Hall,Music,Downtown,47.60811665,-122.33697040702704,Rain,53,8 to 12 mph,S
143,"Meet the Author: Maggie Taft, The Chieftain and the Chair",2/18/2024,National Nordic Museum,Museums,Fremont / Ballard,47.6683615,-122.39177949359151,Rain,53,8 to 12 mph,S
144,Seattle Kraken vs. Detroit Red Wings,2/19/2024,Climate Pledge Arena,Sports,Queen Anne / Seattle Center,47.6219014,-122.353990491486,Rain,53,8 to 12 mph,S
145,The Thrifted,2/19/2024,High Dive,Music,Fremont / Ballard,47.6514631,-122.3517391,Rain,53,8 to 12 mph,S
146,Black and Boujee,Now through 2/20/2024,Bainbridge Island Museum of Art,Museums,West,,,Rain,53,8 to 12 mph,S
147,From Mozart to Matthews,2/20/2024,Benaroya Hall,Music,Downtown,47.60811665,-122.33697040702704,Rain,53,8 to 12 mph,S
148,Lukas Nelson,2/20/2024,The Showbox,Music,Downtown,47.6085136,-122.3394726,Rain,53,8 to 12 mph,S
149,Mahogany – smARTfilms: Black Luxury,2/20/2024,Bainbridge Island Museum of Art,Film & Media Arts,West,,,Rain,53,8 to 12 mph,S
150,Robots Who Paint,2/20/2024,Town Hall Seattle,Readings & Lectures,Downtown,47.6090191,-122.32993774092222,Rain,53,8 to 12 mph,S
151,Trask,2/20/2024,High Dive,Music,Fremont / Ballard,47.6514631,-122.3517391,Rain,53,8 to 12 mph,S
152,"Wu Han, Philip Setzer & David Finckel",2/20/2024,Meany Center for the Performing Arts,Music,University District,,,Rain,53,8 to 12 mph,S
153,The Cookers,2/20/2024 through 2/21/2024,Dimitriou's Jazz Alley,Music,Downtown,47.6148163,-122.339691,Rain,53,8 to 12 mph,S
154,Cesar Cuauhtemoc Garcia Hernandez,2/21/2024,Town Hall Seattle,Readings & Lectures,Downtown,47.6090191,-122.32993774092222,Rain,53,8 to 12 mph,S
155,Side-by-Side with Seattle Youth Symphony Orchestra,2/21/2024,Benaroya Hall,Music,Downtown,47.60811665,-122.33697040702704,Rain,53,8 to 12 mph,S
156,Bailen,2/22/2024,The Crocodile,Music,Downtown,47.6146474,-122.3490734,Rain,53,8 to 12 mph,S
157,Dr. Charan Ranganath,2/22/2024,Town Hall Seattle,Readings & Lectures,Downtown,47.6090191,-122.32993774092222,Rain,53,8 to 12 mph,S
158,Mountain Holler,2/22/2024,High Dive,Music,Fremont / Ballard,47.6514631,-122.3517391,Rain,53,8 to 12 mph,S
159,Seattle Kraken vs. Vancouver Canucks,2/22/2024,Climate Pledge Arena,Sports,Queen Anne / Seattle Center,47.6219014,-122.353990491486,Rain,53,8 to 12 mph,S
160,Shabaka,2/22/2024,Town Hall Seattle,Music,Downtown,47.6090191,-122.32993774092222,Rain,53,8 to 12 mph,S
161,Funky Friday with F2D,Now through 2/23/2024,Sea Monster Lounge,Music,Wallingford / Greenlake,47.6615049,-122.332319,Light Rain Likely,52,9 mph,S
162,BLACKSTAR SYMPHONY: The Music of David Bowie,2/23/2024,Benaroya Hall,Music,Downtown,47.60811665,-122.33697040702704,Rain,53,8 to 12 mph,S
163,Caligula’s Horse,2/23/2024,El Corazon,Music,Downtown,47.6188258,-122.3293843,Rain,53,8 to 12 mph,S
164,Opera Talk: The Making of X,2/23/2024,Opera Center,Readings & Lectures,Queen Anne / Seattle Center,47.6240043,-122.3494506540469,Rain,53,8 to 12 mph,S
165,Tikkadoom and Nick Drummond,2/23/2024,The Royal Room,Music,South Seattle,47.5569023,-122.2842722,Rain,53,8 to 12 mph,S
166,Wreckno,2/23/2024,The Showbox,Music,Downtown,47.6085136,-122.3394726,Rain,53,8 to 12 mph,S
167,Kelly Akashi,Now through 2/24/2024,Henry Art Gallery,Museums,University District,47.6565246,-122.31173279895636,Rain,52,8 to 12 mph,S
168,The Lower Depths,2/6/2024 through 2/24/2024,Erickson Theatre,Theatre,Capitol Hill / Central District,47.61467195,-122.3217419,Rain,53,8 to 12 mph,S
169,Bassekou Kouyate and Vieux Farka Toure,2/22/2024 through 2/24/2024,Town Hall Seattle,Music,Downtown,47.6090191,-122.32993774092222,Rain,53,8 to 12 mph,S
170,Crystal Skies,2/24/2024,Nectar Lounge,Music,Fremont / Ballard,47.6523876,-122.3538541520202,Rain,53,8 to 12 mph,S
171,Dan Brown Wild Symphony,2/24/2024,Benaroya Hall,Music,Downtown,47.60811665,-122.33697040702704,Rain,53,8 to 12 mph,S
172,Nate Jackson,2/24/2024,The Moore Theatre,Theatre,Downtown,,,Rain,53,8 to 12 mph,S
173,Pink Sweat$,2/24/2024,The Showbox,Music,Downtown,47.6085136,-122.3394726,Rain,53,8 to 12 mph,S
174,Root and Branch,2/24/2024,Town Hall Seattle,Music,Downtown,47.6090191,-122.32993774092222,Rain,53,8 to 12 mph,S
175,Seattle Kraken vs. Minnesota Wild,2/24/2024,Climate Pledge Arena,Sports,Queen Anne / Seattle Center,47.6219014,-122.353990491486,Rain,53,8 to 12 mph,S
176,Small Island Big Song,2/24/2024,Meany Center for the Performing Arts,Music,University District,,,Rain,53,8 to 12 mph,S
177,Born With Teeth,2/1/2024 through 2/25/2024,ArtsWest Playhouse and Gallery,Theatre,West Seattle,,,Rain,53,8 to 12 mph,S
178,"Once More, Just For You",2/5/2024 through 2/25/2024,Seattle Public Theater,Theatre,Wallingford / Greenlake,47.6821341,-122.3398325,Rain,53,8 to 12 mph,S
179,Wintergrass Music Festival,2/22/2024 through 2/25/2024,Hyatt Regency Bellevue,Festivals & Special Events,Bellevue / Eastside,,,Rain,53,8 to 12 mph,S
180,Klezmer Starts Here: The Music of Abe Schwartz,2/25/2024,The Royal Room,Music,South Seattle,47.5569023,-122.2842722,Rain,53,8 to 12 mph,S
181,Telling the Story,2/25/2024,Town Hall Seattle,Readings & Lectures,Downtown,47.6090191,-122.32993774092222,Rain,53,8 to 12 mph,S
182,Cherry Glazerr,2/26/2024,Neumos,Music,Capitol Hill / Central District,47.613954,-122.3196108,Rain,53,8 to 12 mph,S
183,Dick & Angel Dare to Do It,2/26/2024,The Paramount Theatre,Theatre,Downtown,,,Rain,53,8 to 12 mph,S
184,Seattle Kraken vs. Boston Bruins,2/26/2024,Climate Pledge Arena,Sports,Queen Anne / Seattle Center,47.6219014,-122.353990491486,Rain,53,8 to 12 mph,S
185,Hunt for Sleeping Giants | National Geographic Live,2/25/2024 through 2/27/2024,Benaroya Hall,Readings & Lectures,Downtown,47.60811665,-122.33697040702704,Rain,53,8 to 12 mph,S
186,Big Tooth,2/27/2024,Sea Monster Lounge,Music,Wallingford / Greenlake,47.6615049,-122.332319,Rain,53,8 to 12 mph,S
187,Eric Klinenberg,2/27/2024,Town Hall Seattle,Readings & Lectures,Downtown,47.6090191,-122.32993774092222,Rain,53,8 to 12 mph,S
188,Fresh Dressed – smARTfilms: Black Luxury,2/27/2024,Bainbridge Island Museum of Art,Museums,West,,,Rain,53,8 to 12 mph,S
189,Joy Harjo,2/27/2024,Town Hall Seattle,Readings & Lectures,Downtown,47.6090191,-122.32993774092222,Rain,53,8 to 12 mph,S
190,Anand Gopal,2/28/2024,Town Hall Seattle,Readings & Lectures,Downtown,47.6090191,-122.32993774092222,Rain,53,8 to 12 mph,S
191,Dianne Reeves,2/28/2024,Town Hall Seattle,Music,Downtown,47.6090191,-122.32993774092222,Rain,53,8 to 12 mph,S
192,Kassa Overall,2/28/2024,Nectar Lounge,Music,Fremont / Ballard,47.6523876,-122.3538541520202,Rain,53,8 to 12 mph,S
193,Playboi Carti,2/28/2024,Climate Pledge Arena,Music,Queen Anne / Seattle Center,47.6219014,-122.353990491486,Rain,53,8 to 12 mph,S
194,Winter Brilliance,Now through 2/29/2024,Chihuly Garden and Glass,Museums,Queen Anne / Seattle Center,47.6205296,-122.35020712496446,Rain,53,12 mph,S
195,Seattle Museum Month,2/1/2024 through 2/29/2024,Downtown Seattle,Museums,Downtown,47.5989361,-122.3279543,Rain,53,8 to 12 mph,S
196,JNA and Tavia Rhodes,2/29/2024,The Royal Room,Music,South Seattle,47.5569023,-122.2842722,Rain,53,8 to 12 mph,S
197,Julian Lage,2/29/2024,Town Hall Seattle,Music,Downtown,47.6090191,-122.32993774092222,Rain,53,8 to 12 mph,S
198,MarchFourth,2/29/2024,Nectar Lounge,Music,Fremont / Ballard,47.6523876,-122.3538541520202,Rain,53,8 to 12 mph,S
199,Seattle Kraken vs. Pittsburgh Penguins,2/29/2024,Climate Pledge Arena,Sports,Queen Anne / Seattle Center,47.6219014,-122.353990491486,Rain,53,8 to 12 mph,S
200,The Human Family,2/29/2024,LANGSTON Seattle,Music,Capitol Hill / Central District,47.6012977,-122.30982515103054,Rain,53,8 to 12 mph,S
201,Enjambre,3/1/2024,Nectar Lounge,Music,Fremont / Ballard,47.6523876,-122.3538541520202,Rain,53,8 to 12 mph,S
202,Fall Out Boy,3/1/2024,Climate Pledge Arena,Readings & Lectures,Queen Anne / Seattle Center,47.6219014,-122.353990491486,Rain,53,8 to 12 mph,S
203,Global Rhythms: Justin Adams and Mauro Durante,3/1/2024,Town Hall Seattle,Music,Downtown,47.6090191,-122.32993774092222,Rain,53,8 to 12 mph,S
204,Sloane Crosley with Ben Gibbard,3/1/2024,Town Hall Seattle,Readings & Lectures,Downtown,47.6090191,-122.32993774092222,Rain,53,8 to 12 mph,S
205,Tacoma Stars vs. Harrisburg Heat,3/1/2024,accesso ShoWare Center,Sports,South,,,Rain,53,8 to 12 mph,S
206,Tommy Emmanuel,3/1/2024,The Moore Theatre,Music,Downtown,,,Rain,53,8 to 12 mph,S
207,Facades,2/1/2024 through 3/2/2024,Harris Harvey Gallery,Visual Arts & Galleries,Downtown,,,Rain,53,8 to 12 mph,S
208,Conrad Tao’s Playlist,3/1/2024 through 3/2/2024,Benaroya Hall,Music,Downtown,47.60811665,-122.33697040702704,Rain,53,8 to 12 mph,S
209,Crypta,3/2/2024,El Corazon,Music,Downtown,47.6188258,-122.3293843,Rain,53,8 to 12 mph,S
210,Seattle Kraken vs. Edmonton Oilers,3/2/2024,Climate Pledge Arena,Sports,Queen Anne / Seattle Center,47.6219014,-122.353990491486,Rain,53,8 to 12 mph,S
211,Seattle Sounders FC vs. Austin FC,3/2/2024,Lumen Field,Sports,Pioneer Square,47.5953459,-122.33164431196111,Rain,53,8 to 12 mph,S
212,Emerald City Comic Con,2/29/2024 through 3/3/2024,Seattle Convention Center,Festivals & Special Events,Downtown,47.61175385,-122.33156275066185,Rain,53,8 to 12 mph,S
213,Briscoe,3/3/2024,Tractor Tavern,Music,Fremont / Ballard,47.6657081,-122.38280295082916,Rain,53,8 to 12 mph,S
214,Tacoma Stars vs. Harrisburg Heat,3/3/2024,accesso ShoWare Center,Music,South,,,Rain,53,8 to 12 mph,S
215,Eve’s Bayou – smARTfilms: Black Luxury,3/5/2024,Bainbridge Island Museum of Art,Museums,West,,,Rain,53,8 to 12 mph,S
216,Atlus,3/7/2024,Nectar Lounge,Music,Fremont / Ballard,47.6523876,-122.3538541520202,Rain,53,8 to 12 mph,S
217,Calidore Quartet & Abeo Quartet,3/8/2024,415 Westlake,Music,Queen Anne / Seattle Center,47.622554,-122.3386578,Rain,53,8 to 12 mph,S
218,Holding / Movement,3/8/2024,Benaroya Hall,Music,Downtown,47.60811665,-122.33697040702704,Rain,53,8 to 12 mph,S
219,Seattle Kraken vs. Winnipeg Jets,3/8/2024,Climate Pledge Arena,Sports,Queen Anne / Seattle Center,47.6219014,-122.353990491486,Rain,53,8 to 12 mph,S
220,X:The Life and Times of Malcolm X,2/24/2024 through 3/9/2024,Marion Oliver McCaw Hall,Music,Queen Anne / Seattle Center,47.62397705,-122.35038850536958,Rain,53,8 to 12 mph,S
221,Bach St. John Passion,3/7/2024 through 3/9/2024,Benaroya Hall,Music,Downtown,47.60811665,-122.33697040702704,Rain,53,8 to 12 mph,S
222,Ariel Pink,3/9/2024,El Corazon,Music,Downtown,47.6188258,-122.3293843,Rain,53,8 to 12 mph,S
223,Helene Grimaud,3/9/2024,Meany Center for the Performing Arts,Music,University District,,,Rain,53,8 to 12 mph,S
224,Josiah and the Bonnevilles,3/9/2024,Barboza,Music,Capitol Hill / Central District,47.6138274,-122.3196284,Rain,53,8 to 12 mph,S
225,Mahan Esfahan,3/9/2024,Town Hall Seattle,Music,Downtown,47.6090191,-122.32993774092222,Rain,53,8 to 12 mph,S
226,Positive Fragmentation,Now through 3/10/2024,Bellevue Arts Museum,Museums,Bellevue / Eastside,,,Rain,53,8 to 12 mph,S
227,Antonio M. Gomez: LINEAJES,Now through 3/10/2024,Frye Art Museum,Museums,Capitol Hill / Central District,47.60719095,-122.32405377084557,Rain,53,8 to 12 mph,S
228,Soren Solkaer: Sort Sol,Now through 3/10/2024,National Nordic Museum,Museums,Fremont / Ballard,47.6683615,-122.39177949359151,Rain,53,9 to 13 mph,S
229,Luchadora!,2/22/2024 through 3/10/2024,Seattle Children's Theatre,Theatre,Queen Anne / Seattle Center,47.6204553,-122.35225726215312,Rain,53,8 to 12 mph,S
230,Wild Cats Revealed | National Geographic Live,3/10/2024 through 3/12/2024,Benaroya Hall,Readings & Lectures,Downtown,47.60811665,-122.33697040702704,Rain,53,8 to 12 mph,S
231,Seattle Kraken vs. Vegas Golden Knights,3/12/2024,Climate Pledge Arena,Sports,Queen Anne / Seattle Center,47.6219014,-122.353990491486,Rain,53,8 to 12 mph,S
232,Seattle Kraken vs. Washington Capitals,3/14/2024,Climate Pledge Arena,Sports,Queen Anne / Seattle Center,47.6219014,-122.353990491486,Rain,53,8 to 12 mph,S
233,Autoheart,3/15/2024,El Corazon,Music,Downtown,47.6188258,-122.3293843,Rain,53,8 to 12 mph,S
234,The Snuts,3/15/2024,Barboza,Music,Capitol Hill / Central District,47.6138274,-122.3196284,Rain,53,8 to 12 mph,S
235,Mark Morris Dance Group: The Look of Love,3/14/2024 through 3/16/2024,Meany Center for the Performing Arts,Music,University District,,,Rain,53,8 to 12 mph,S
236,Sibelius & Nielsen,3/14/2024 through 3/16/2024,Benaroya Hall,Music,Downtown,47.60811665,-122.33697040702704,Rain,53,8 to 12 mph,S
237,Tacoma Stars vs. Chihuahua Savage,3/15/2024 through 3/16/2024,accesso ShoWare Center,Sports,South,,,Rain,53,8 to 12 mph,S
238,Seattle Kraken vs. Nashville Predators,3/16/2024,Climate Pledge Arena,Sports,Queen Anne / Seattle Center,47.6219014,-122.353990491486,Rain,53,8 to 12 mph,S
239,Seattle Sounders FC vs. Colorado Rapids,3/16/2024,Lumen Field,Sports,Pioneer Square,47.5953459,-122.33164431196111,Rain,53,8 to 12 mph,S
240,Native Portraiture: Power and Perception,Now through 3/17/2024,Tacoma Art Museum,Museums,South,,,Rain,53,8 to 12 mph,S
241,Places to Call Home: Settlements in the West,Now through 3/17/2024,Tacoma Art Museum,Museums,South,,,Rain,53,8 to 12 mph,S
242,Nobody Lives Here,Now through 3/17/2024,Wing Luke Museum,Museums,International District,47.5982461,-122.3228705,Rain,53,8 to 12 mph,S
243,Rootabaga Country,3/8/2024 through 3/17/2024,Opera Center,Music,Queen Anne / Seattle Center,47.6240043,-122.3494506540469,Rain,53,8 to 12 mph,S
244,Seattle Kraken vs. Buffalo Sabres,3/18/2024,Climate Pledge Arena,Sports,Queen Anne / Seattle Center,47.6219014,-122.353990491486,Rain,53,8 to 12 mph,S
245,Tacoma Stars vs. Empire Strykers,3/23/2024,accesso ShoWare Center,Sports,South,,,Rain,53,8 to 12 mph,S
246,Something’s Afoot,3/1/2024 through 3/24/2024,The 5th Avenue Theatre,Theatre,Downtown,,,Rain,53,8 to 12 mph,S
247,One Thousand Pieces,3/15/2024 through 3/24/2024,Marion Oliver McCaw Hall,Dance,Queen Anne / Seattle Center,47.62397705,-122.35038850536958,Rain,53,8 to 12 mph,S
248,Simon Trpceski Plays Tchaikovsky,3/21/2024 through 3/24/2024,Benaroya Hall,Music,Downtown,47.60811665,-122.33697040702704,Rain,53,8 to 12 mph,S
249,Celebrate Holi! Spring Festival of Colors from South Asia,3/24/2024,Burke Museum,Museums,University District,47.6605211,-122.31156049949824,Rain,53,8 to 12 mph,S
250,Seattle Kraken vs. Montreal Canadiens,3/24/2024,Climate Pledge Arena,Sports,Queen Anne / Seattle Center,47.6219014,-122.353990491486,Rain,53,8 to 12 mph,S
251,Seattle Kraken vs. Anaheim Ducks,3/26/2024,Climate Pledge Arena,Sports,Queen Anne / Seattle Center,47.6219014,-122.353990491486,Rain,53,8 to 12 mph,S
252,Seattle Kraken vs. Anaheim Ducks,3/28/2024,Climate Pledge Arena,Sports,Queen Anne / Seattle Center,47.6219014,-122.353990491486,Rain,53,8 to 12 mph,S
253,Tim McGraw,3/29/2024,Climate Pledge Arena,Music,Queen Anne / Seattle Center,47.6219014,-122.353990491486,Rain,53,8 to 12 mph,S
254,Harold and the Purple Crayon,3/23/2024 through 3/30/2024,Marion Oliver McCaw Hall,Dance,Queen Anne / Seattle Center,47.62397705,-122.35038850536958,Rain,53,8 to 12 mph,S
255,Monster Jam,3/30/2024,Lumen Field,Festivals & Special Events,Pioneer Square,47.5953459,-122.33164431196111,Rain,53,8 to 12 mph,S
256,Seattle Kraken vs. Dallas Stars,3/30/2024,Climate Pledge Arena,Sports,Queen Anne / Seattle Center,47.6219014,-122.353990491486,Rain,53,8 to 12 mph,S
257,Illuminate: Glass Art for Early Learners,Now through 3/31/2024,Museum of Glass,Museums,South,,,Rain,53,8 to 12 mph,S
258,Al Young’s 1970 Dodge Challenger Drag Racer,Now through 3/31/2024,Museum of History & Industry,Museums,Queen Anne / Seattle Center,47.6275114,-122.3367506,Light Rain Likely,52,8 mph,S
259,Shine On Seattle,Now through 3/31/2024,Pioneer Square,Festivals & Special Events,Pioneer Square,47.6027217,-122.3313539,Rain,53,8 to 12 mph,S
260,Sanctuary City,3/1/2024 through 3/31/2024,Seattle Rep,Theatre,Queen Anne / Seattle Center,,,Rain,53,8 to 12 mph,S
261,Stew,3/15/2024 through 3/31/2024,ACT Theatre,Theatre,Downtown,47.6108495,-122.3323262,Rain,53,8 to 12 mph,S
262,Luis Miguel,4/4/2024,Climate Pledge Arena,Music,Queen Anne / Seattle Center,47.6219014,-122.353990491486,Rain,53,8 to 12 mph,S
263,Taylor Raven and Duke Kim in Recital,4/4/2024,Opera Center,Music,Queen Anne / Seattle Center,47.6240043,-122.3494506540469,Rain,53,8 to 12 mph,S
264,Jo Koy,4/5/2024,Climate Pledge Arena,Theatre,Queen Anne / Seattle Center,47.6219014,-122.353990491486,Rain,53,8 to 12 mph,S
265,Copland Appalachian Spring,4/4/2024 through 4/6/2024,Benaroya Hall,Music,Downtown,47.60811665,-122.33697040702704,Rain,53,8 to 12 mph,S
266,Seattle Sounders FC vs. CF Montreal,4/6/2024,Lumen Field,Sports,Pioneer Square,47.5953459,-122.33164431196111,Rain,53,8 to 12 mph,S
267,Tom Segura,4/6/2024,Climate Pledge Arena,Theatre,Queen Anne / Seattle Center,47.6219014,-122.353990491486,Rain,53,8 to 12 mph,S
268,La Vaughn Belle: A History of Unruly Returns,Now through 4/7/2024,National Nordic Museum,Museums,Fremont / Ballard,47.6683615,-122.39177949359151,Rain,53,9 to 13 mph,S
269,Beetlejuice,4/2/2024 through 4/7/2024,The Paramount Theatre,Theatre,Downtown,,,Rain,53,8 to 12 mph,S
270,Seattle Kraken vs. Arizona Coyotes,4/9/2024,Climate Pledge Arena,Sports,Queen Anne / Seattle Center,47.6219014,-122.353990491486,Rain,53,8 to 12 mph,S
271,Seattle Kraken vs. San Jose Sharks,4/11/2024,Climate Pledge Arena,Sports,Queen Anne / Seattle Center,47.6219014,-122.353990491486,Rain,53,8 to 12 mph,S
272,The Percussion: Sounds from Home,4/12/2024 through 4/13/2024,Benaroya Hall,Music,Downtown,47.60811665,-122.33697040702704,Rain,53,8 to 12 mph,S
273,Honoring 50 Years of Papunya Tula Painting,Now through 4/14/2024,Seattle Art Museum,Museums,Downtown,47.6077008,-122.3385575,Rain,53,10 mph,S
274,The Moors,3/22/2024 through 4/14/2024,Seattle Public Theater,Theatre,Wallingford / Greenlake,47.6821341,-122.3398325,Rain,53,8 to 12 mph,S
275,Mahler Symphony No. 3,4/11/2024 through 4/14/2024,Benaroya Hall,Music,Downtown,47.60811665,-122.33697040702704,Rain,53,8 to 12 mph,S
276,Best of the Northwest Spring Show,4/13/2024 through 4/14/2024,Magnuson Park,Festivals & Special Events,University District,47.6819164,-122.2546208767266,Rain,53,8 to 12 mph,S
277,An Evening with Jinjoo Cho,4/19/2024,415 Westlake,Music,Queen Anne / Seattle Center,47.622554,-122.3386578,Rain,53,8 to 12 mph,S
278,Dvorak Symphony No. 6,4/18/2024 through 4/20/2024,Benaroya Hall,Music,Downtown,47.60811665,-122.33697040702704,Rain,53,8 to 12 mph,S
279,Seattle Sounders FC vs. Vancouver Whitecaps FC,4/20/2024,Lumen Field,Sports,Pioneer Square,47.5953459,-122.33164431196111,Rain,53,8 to 12 mph,S
280,The Seasons’ Canon,4/12/2024 through 4/21/2024,Marion Oliver McCaw Hall,Dance,Queen Anne / Seattle Center,47.62397705,-122.35038850536958,Rain,53,8 to 12 mph,S
281,DRUM TAO 30th Anniversary,4/22/2024,Benaroya Hall,Music,Downtown,47.60811665,-122.33697040702704,Rain,53,8 to 12 mph,S
282,AJR,4/26/2024,Climate Pledge Arena,Music,Queen Anne / Seattle Center,47.6219014,-122.353990491486,Rain,53,8 to 12 mph,S
283,Disney’s Aladdin,4/24/2024 through 4/28/2024,The Paramount Theatre,Theatre,Downtown,,,Rain,53,8 to 12 mph,S
284,Antarctic Symphony,4/25/2024 through 4/28/2024,Benaroya Hall,Music,Downtown,47.60811665,-122.33697040702704,Rain,53,8 to 12 mph,S
285,Noah Geller’s Playlist,5/3/2024 through 5/4/2024,Benaroya Hall,Music,Downtown,47.60811665,-122.33697040702704,Rain,53,8 to 12 mph,S
286,Broadway Spectacular,5/4/2024,Cornish Playhouse at Seattle Center,Music,Queen Anne / Seattle Center,,,Rain,53,8 to 12 mph,S
287,Jessica Jackson Hutchins: Wrecked and Righteous,Now through 5/5/2024,Frye Art Museum,Museums,Capitol Hill / Central District,47.60719095,-122.32405377084557,Rain,53,8 to 12 mph,S
288,The Lion Tells His Tale,5/1/2024 through 5/5/2024,Broadway Performance Hall,Theatre,Capitol Hill / Central District,47.6158151,-122.32186077039998,Rain,53,8 to 12 mph,S
289,Seattle Sounders FC vs. LA Galaxy,5/5/2024,Lumen Field,Sports,Pioneer Square,47.5953459,-122.33164431196111,Rain,53,8 to 12 mph,S
290,Melanie Martinez,5/10/2024,Climate Pledge Arena,Music,Queen Anne / Seattle Center,47.6219014,-122.353990491486,Rain,53,8 to 12 mph,S
291,"Guma’ Gela:  Part Land, Part Sea, All Ancestry",Now through 5/12/2024,Wing Luke Museum,Museums,International District,47.5982461,-122.3228705,Rain,53,8 to 12 mph,S
292,Jaune Quick-to-See Smith: Memory Map,2/29/2024 through 5/12/2024,Seattle Art Museum,Museums,Downtown,47.6077008,-122.3385575,Rain,53,8 to 12 mph,S
293,Fat Ham,4/12/2024 through 5/12/2024,Seattle Rep,Theatre,Queen Anne / Seattle Center,,,Rain,53,8 to 12 mph,S
294,A Tale of Peter Rabbit,4/25/2024 through 5/12/2024,Seattle Children's Theatre,Theatre,Queen Anne / Seattle Center,47.6204553,-122.35225726215312,Rain,53,8 to 12 mph,S
295,The Lehman Trilogy,4/26/2024 through 5/12/2024,ACT Theatre,Theatre,Downtown,47.6108495,-122.3323262,Rain,53,8 to 12 mph,S
296,The Untold Story of Sharks | National Geographic Live,5/12/2024 through 5/14/2024,Benaroya Hall,Readings & Lectures,Downtown,47.60811665,-122.33697040702704,Rain,53,8 to 12 mph,S
297,Seattle Storm vs Minnesota Lynx,5/14/2024,Climate Pledge Arena,Sports,Queen Anne / Seattle Center,47.6219014,-122.353990491486,Rain,53,8 to 12 mph,S
298,Mother,5/17/2024,415 Westlake,Music,Queen Anne / Seattle Center,47.622554,-122.3386578,Rain,53,8 to 12 mph,S
299,Barber Violin Concerto,5/16/2024 through 5/18/2024,Benaroya Hall,Music,Downtown,47.60811665,-122.33697040702704,Rain,53,8 to 12 mph,S
300,Seattle Sounders FC vs. Vancouver Whitecaps FC,5/18/2024,Lumen Field,Sports,Pioneer Square,47.5953459,-122.33164431196111,Rain,53,8 to 12 mph,S
301,Seattle Storm vs. Indiana Fever,5/22/2024,Climate Pledge Arena,Sports,Queen Anne / Seattle Center,47.6219014,-122.353990491486,Rain,53,8 to 12 mph,S
302,The Barber of Seville,5/4/2024 through 5/24/2024,Marion Oliver McCaw Hall,Music,Queen Anne / Seattle Center,47.62397705,-122.35038850536958,Rain,53,8 to 12 mph,S
303,Seattle Storm vs. Washington Mystics,5/25/2024,Climate Pledge Arena,Sports,Queen Anne / Seattle Center,47.6219014,-122.353990491486,Rain,53,8 to 12 mph,S
304,Seattle Sounders FC vs. Real Salt Lake,5/29/2024,Lumen Field,Sports,Pioneer Square,47.5953459,-122.33164431196111,Rain,53,8 to 12 mph,S
305,Unriveled,5/10/2024 through 6/2/2024,Seattle Public Theater,Theatre,Wallingford / Greenlake,47.6821341,-122.3398325,Rain,53,8 to 12 mph,S
306,Seattle Storm vs. Phoenix Mercury,6/4/2024,Climate Pledge Arena,Sports,Queen Anne / Seattle Center,47.6219014,-122.353990491486,Rain,53,8 to 12 mph,S
307,George Balenchine’s Coppelia,5/31/2024 through 6/9/2024,Marion Oliver McCaw Hall,Dance,Queen Anne / Seattle Center,47.62397705,-122.35038850536958,Rain,53,8 to 12 mph,S
308,Jan Lisiecki Plays Prokofiev,6/6/2024 through 6/9/2024,Benaroya Hall,Music,Downtown,47.60811665,-122.33697040702704,Rain,53,8 to 12 mph,S
309,Seattle Storm vs. Los Angeles Sparks,6/11/2024,Climate Pledge Arena,Sports,Queen Anne / Seattle Center,47.6219014,-122.353990491486,Rain,53,8 to 12 mph,S
310,Beethoven Symphony No. 5,6/13/2024 through 6/15/2024,Benaroya Hall,Music,Downtown,47.60811665,-122.33697040702704,Rain,53,8 to 12 mph,S
311,Elizabeth Malaska: All Be Your Mirror,Now through 6/16/2024,Seattle Art Museum,Museums,Downtown,47.6077008,-122.3385575,Rain,53,10 mph,S
312,Joshua Bell Plays Elements Concerto,6/20/2024 through 6/22/2024,Benaroya Hall,Music,Downtown,47.60811665,-122.33697040702704,Rain,53,8 to 12 mph,S
313,Seattle Sounders FC vs. Minnesota United FC,6/22/2024,Lumen Field,Sports,Pioneer Square,47.5953459,-122.33164431196111,Rain,53,8 to 12 mph,S
314,"Together Again, Again!",5/31/2024 through 6/23/2024,Seattle Rep,Theatre,Queen Anne / Seattle Center,,,Rain,53,8 to 12 mph,S
315,2024 KPMG Women’s PGA Championship,6/20/2024 through 6/23/2024,Sahalee Country Club,Sports,Bellevue / Eastside,,,Rain,53,8 to 12 mph,S
316,Lip Sync for Our Rights,6/22/2024 through 6/23/2024,Marion Oliver McCaw Hall,Music,Queen Anne / Seattle Center,47.62397705,-122.35038850536958,Rain,53,8 to 12 mph,S
317,Seattle Storm vs. Connecticut Sun,6/23/2024,Climate Pledge Arena,Sports,Queen Anne / Seattle Center,47.6219014,-122.353990491486,Rain,53,8 to 12 mph,S
318,Seattle Storm vs. Indiana Fever,6/27/2024,Climate Pledge Arena,Sports,Queen Anne / Seattle Center,47.6219014,-122.353990491486,Rain,53,8 to 12 mph,S
319,Company,6/23/2024 through 6/28/2024,The Paramount Theatre,Music,Downtown,,,Rain,53,8 to 12 mph,S
320,Seattle Storm vs. Dallas Wings,6/29/2024,Climate Pledge Arena,Sports,Queen Anne / Seattle Center,47.6219014,-122.353990491486,Rain,53,8 to 12 mph,S
321,Sounders FC vs. Chicago Fire FC,6/29/2024,Lumen Field,Sports,Pioneer Square,47.5953459,-122.33164431196111,Rain,53,8 to 12 mph,S
322,2024 University of Washington MFA + MDes Thesis Exhibition,5/24/2024 through 6/30/2024,Henry Art Gallery,Museums,University District,47.6565246,-122.31173279895636,Rain,53,8 to 12 mph,S
323,Spring Awakening,6/7/2024 through 6/30/2024,The 5th Avenue Theatre,Theatre,Downtown,,,Rain,53,8 to 12 mph,S
324,Girl From The North Country,6/25/2024 through 6/30/2024,The Paramount Theatre,Music,Downtown,,,Rain,53,8 to 12 mph,S
325,Seattle Storm vs Dallas Wings,7/1/2024,Climate Pledge Arena,Sports,Queen Anne / Seattle Center,47.6219014,-122.353990491486,Rain,53,8 to 12 mph,S
326,Seattle Storm vs. Chicago Sky,7/5/2024,Climate Pledge Arena,Sports,Queen Anne / Seattle Center,47.6219014,-122.353990491486,Rain,53,8 to 12 mph,S
327,"Anida Yoeu Ali: Hybrid Skin, Mythical Presence",Now through 7/7/2024,Seattle Asian Art Museum,Museums,Capitol Hill / Central District,47.63029565,-122.31413540328062,Light Rain Likely,52,8 mph,S
328,Seattle Storm vs.Chicago Sky,7/7/2024,Climate Pledge Arena,Sports,Queen Anne / Seattle Center,47.6219014,-122.353990491486,Rain,53,8 to 12 mph,S
329,Seattle Storm vs. Las Vegas Aces,7/10/2024,Climate Pledge Arena,Sports,Queen Anne / Seattle Center,47.6219014,-122.353990491486,Rain,53,8 to 12 mph,S
330,Seattle Storm vs. Minnesota Lynx,7/12/2024,Climate Pledge Arena,Sports,Queen Anne / Seattle Center,47.6219014,-122.353990491486,Rain,53,8 to 12 mph,S
331,Seattle Storm vs. Atlanta Dream,7/14/2024,Climate Pledge Arena,Sports,Queen Anne / Seattle Center,47.6219014,-122.353990491486,Rain,53,8 to 12 mph,S
332,Seattle Sounders FC vs. Los Angeles FC,7/20/2024,Lumen Field,Sports,Pioneer Square,47.5953459,-122.33164431196111,Rain,53,8 to 12 mph,S
333,Nordic Utopia: African Americans in the 20th Century,3/22/2024 through 7/21/2024,National Nordic Museum,Museums,Fremont / Ballard,47.6683615,-122.39177949359151,Rain,53,8 to 12 mph,S
334,Clue,7/9/2024 through 7/21/2024,The 5th Avenue Theatre,Theatre,Downtown,,,Rain,53,8 to 12 mph,S
335,"Be Water, My Friend: The Teachings Of Bruce Lee",Now through 7/28/2024,Wing Luke Museum,Museums,International District,47.5982461,-122.3228705,Rain,53,8 to 12 mph,S
336,Olivia Rodrigo,8/6/2024 through 8/7/2024,Climate Pledge Arena,Music,Queen Anne / Seattle Center,47.6219014,-122.353990491486,Rain,53,8 to 12 mph,S
337,Seattle Storm vs. Washington Mystics,8/26/2024,Climate Pledge Arena,Sports,Queen Anne / Seattle Center,47.6219014,-122.353990491486,Rain,53,8 to 12 mph,S
338,Seattle Storm vs. Atlanta Dream,8/28/2024,Climate Pledge Arena,Sports,Queen Anne / Seattle Center,47.6219014,-122.353990491486,Rain,53,8 to 12 mph,S
339,Seattle Storm vs. New York Liberty,8/30/2024,Climate Pledge Arena,Sports,Queen Anne / Seattle Center,47.6219014,-122.353990491486,Rain,53,8 to 12 mph,S
340,Hidden Worlds: The Films of LAIKA,Now through 8/31/2024,MoPOP Museum of Pop Culture,Museums,Queen Anne / Seattle Center,47.6214931,-122.3482252740562,Light Rain Likely,53,9 mph,S
341,Poke in the Eye: Art of the West Coast Counterculture,6/21/2024 through 9/2/2024,Seattle Art Museum,Museums,Downtown,47.6077008,-122.3385575,Rain,53,8 to 12 mph,S
342,"Chicago and Earth, Wind & Fire,",9/3/2024,Climate Pledge Arena,Music,Queen Anne / Seattle Center,47.6219014,-122.353990491486,Rain,53,8 to 12 mph,S
343,Seattle Storm vs. Phoenix Mercury,9/7/2024,Climate Pledge Arena,Sports,Queen Anne / Seattle Center,47.6219014,-122.353990491486,Rain,53,8 to 12 mph,S
344,Sound Check! The Music We Make,Now through 9/14/2024,Wing Luke Museum,Museums,International District,47.5982461,-122.3228705,Rain,53,8 to 12 mph,S
345,Seattle Sounders FC vs. Sporting Kansas City,9/15/2024,Lumen Field,Sports,Pioneer Square,47.5953459,-122.33164431196111,Rain,53,8 to 12 mph,S
346,Seattle Storm vs. Los Angeles Sparks,9/15/2024,Climate Pledge Arena,Sports,Queen Anne / Seattle Center,47.6219014,-122.353990491486,Rain,53,8 to 12 mph,S
347,Seattle Storm vs. Las Vegas Aces,9/17/2024,Climate Pledge Arena,Sports,Queen Anne / Seattle Center,47.6219014,-122.353990491486,Rain,53,8 to 12 mph,S
348,Seattle Sounders FC vs. San Jose Earthquakes,9/18/2024,Lumen Field,Sports,Pioneer Square,47.5953459,-122.33164431196111,Rain,53,8 to 12 mph,S
349,Seatle Sounders FC vs. Houston Dynamo,9/28/2024,Lumen Field,Sports,Pioneer Square,47.5953459,-122.33164431196111,Rain,53,8 to 12 mph,S
350,Raul de Nieves,Now through 9/30/2024,Henry Art Gallery,Museums,University District,47.6565246,-122.31173279895636,Rain,52,8 to 12 mph,S
351,Seattle Sounders FC vs. Portland Timbers,10/19/2024,Lumen Field,Sports,Pioneer Square,47.5953459,-122.33164431196111,Rain,53,8 to 12 mph,S
352,Sebastian Maniscalco,10/25/2024,Climate Pledge Arena,Theatre,Queen Anne / Seattle Center,47.6219014,-122.353990491486,Rain,53,8 to 12 mph,S
353,Frye Salon,Now through 10/27/2024,Frye Art Museum,Museums,Capitol Hill / Central District,47.60719095,-122.32405377084557,Rain,53,8 to 12 mph,S
354,On Native Land: Landscapes from the Haub Family Collection,Now through 11/17/2024,Tacoma Art Museum,Museums,South,,,Rain,53,8 to 12 mph,S
355,Joyce J. Scott: Walk a Mile in My Dreams,10/17/2024 through 1/20/2025,Seattle Art Museum,Museums,Downtown,47.6077008,-122.3385575,Rain,53,8 to 12 mph,S
356,Washi Transformed New Expressions in Japanese Paper,2/2/2024 through 4/26/2026,Bellevue Arts Museum,Museums,Bellevue / Eastside,,,Rain,53,8 to 12 mph,S
357,Explore The Market,Ongoing,Pike Place Market,Festivals & Special Events,Downtown,47.60939675,-122.34141017673986,Rain,53,10 mph,S
358,Olympic Sculpture Park,Ongoing,Olympic Sculpture Park,Visual Arts & Galleries,Downtown,47.6162378,-122.35431328817567,Light Rain Likely,53,9 mph,S
359,Infinite Worlds of Science Fiction,Ongoing,MoPOP Museum of Pop Culture,Museums,Queen Anne / Seattle Center,47.6214931,-122.3482252740562,Light Rain Likely,53,9 mph,S
360,"Wild Blue Angel: Hendrix Abroad, 1966-70",Ongoing,MoPOP Museum of Pop Culture,Museums,Queen Anne / Seattle Center,47.6214931,-122.3482252740562,Light Rain Likely,53,9 mph,S
361,John Grade: Middle Fork,Ongoing,Seattle Art Museum,Museums,Downtown,47.6077008,-122.3385575,Rain,53,10 mph,S
362,Scared to Death: The Thrill of Horror Film,Ongoing,MoPOP Museum of Pop Culture,Museums,Queen Anne / Seattle Center,47.6214931,-122.3482252740562,Light Rain Likely,53,9 mph,S
363,Nirvana: Taking Punk To the Masses,Ongoing,MoPOP Museum of Pop Culture,Museums,Queen Anne / Seattle Center,47.6214931,-122.3482252740562,Light Rain Likely,53,9 mph,S
364,Vietnam Divided: War Above Southeast Asia,Ongoing,The Museum of Flight,Museums,South Seattle,,,Rain,53,8 to 12 mph,S
365,Science Fiction and Fantasy Hall of Fame,Ongoing,MoPOP Museum of Pop Culture,Museums,Queen Anne / Seattle Center,47.6214931,-122.3482252740562,Light Rain Likely,53,9 mph,S
366,Cambodian Cultural Museum and Killing Fields Memorial,Ongoing,Wing Luke Museum,Museums,International District,47.5982461,-122.3228705,Rain,53,8 to 12 mph,S
367,Honoring Our Journey,Ongoing,Wing Luke Museum,Museums,International District,47.5982461,-122.3228705,Rain,53,8 to 12 mph,S
368,Spotlight on Dale Chihuly: Works from Museum of Glass Permanent Collection,Ongoing,Museum of Glass,Museums,South,,,Rain,53,8 to 12 mph,S
369,Great Hall of Washington History,Ongoing,Washington State History Museum,Museums,South,47.6605211,-122.31156049949824,Rain,52,8 to 12 mph,S
370,Humboldt Penguin Exhibit,Ongoing,Woodland Park Zoo,Museums,Wallingford / Greenlake,47.6691434,-122.35096188536497,Light Rain Likely,52,9 mph,S
371,Giant Pacific Octopus,Ongoing,Seattle Aquarium,Museums,Downtown,47.60762475,-122.34322017076866,Rain,53,10 mph,S
372,Meet our Marine Mammals,Ongoing,Seattle Aquarium,Museums,Downtown,47.60762475,-122.34322017076866,Rain,53,10 mph,S
373,Window on Washington Waters,Ongoing,Seattle Aquarium,Museums,Downtown,47.60762475,-122.34322017076866,Rain,53,10 mph,S
374,Guitar Gallery,Ongoing,MoPOP Museum of Pop Culture,Museums,Queen Anne / Seattle Center,47.6214931,-122.3482252740562,Light Rain Likely,53,9 mph,S
375,Nordic Journeys,Ongoing,National Nordic Museum,Museums,Fremont / Ballard,47.6683615,-122.39177949359151,Rain,53,9 to 13 mph,S
376,Baird’s beaked whale,Ongoing,Burke Museum,Museums,University District,47.6605211,-122.31156049949824,Rain,52,8 to 12 mph,S
377,Amazing Life,Ongoing,Burke Museum,Museums,University District,47.6605211,-122.31156049949824,Rain,52,8 to 12 mph,S
378,Culture is Living,Ongoing,Burke Museum,Museums,University District,47.6605211,-122.31156049949824,Rain,52,8 to 12 mph,S
379,Fossils Uncovered,Ongoing,Burke Museum,Museums,University District,47.6605211,-122.31156049949824,Rain,52,8 to 12 mph,S
380,Northwest Native Art,Ongoing,Burke Museum,Museums,University District,47.6605211,-122.31156049949824,Rain,52,8 to 12 mph,S
381,Our Material World,Ongoing,Burke Museum,Museums,University District,47.6605211,-122.31156049949824,Rain,52,8 to 12 mph,S
382,Apollo,Ongoing,The Museum of Flight,Museums,South Seattle,,,Rain,53,8 to 12 mph,S
383,Art and Life Along the Northwest Coast,Ongoing,Seattle Art Museum,Museums,Downtown,47.6077008,-122.3385575,Rain,53,10 mph,S
384,Washington: My Home,Ongoing,Washington State History Museum,Museums,South,47.6605211,-122.31156049949824,Rain,52,8 to 12 mph,S
385,Sensory-Friendly Programs,Ongoing,MoPOP Museum of Pop Culture,Festivals & Special Events,Queen Anne / Seattle Center,47.6214931,-122.3482252740562,Light Rain Likely,53,9 mph,S
386,Dale Chihuly at Tacoma Art Museum,Ongoing,Tacoma Art Museum,Museums,South,,,Rain,53,8 to 12 mph,S
387,Be/longing: Contemporary Asian Art,Ongoing,Seattle Asian Art Museum,Museums,Capitol Hill / Central District,47.63029565,-122.31413540328062,Light Rain Likely,52,8 mph,S
388,Porcelain Room,Ongoing,Seattle Art Museum,Museums,Downtown,47.6077008,-122.3385575,Rain,53,10 mph,S
389,Life on the Edge,Ongoing,Seattle Aquarium,Museums,Downtown,47.60762475,-122.34322017076866,Rain,53,10 mph,S
390,Tropical Pacific,Ongoing,Seattle Aquarium,Museums,Downtown,47.60762475,-122.34322017076866,Rain,53,10 mph,S
391,Underwater Dome,Ongoing,Seattle Aquarium,Museums,Downtown,47.60762475,-122.34322017076866,Rain,53,10 mph,S
392,Meet the Animals,Ongoing,Woodland Park Zoo,Museums,Wallingford / Greenlake,47.6691434,-122.35096188536497,Light Rain Likely,52,9 mph,S
393,Chihuly Garden and Glass,Ongoing,Chihuly Garden and Glass,Museums,Queen Anne / Seattle Center,47.6205296,-122.35020712496446,Light Rain Likely,53,9 mph,S
394,Discover Ancient Coast Salish Culture,Ongoing,Hibulb Cultural Center,Museums,North,,,Rain,53,8 to 12 mph,S
395,Savor Seattle Signature Tour: Pike Place Market,Ongoing,Pike Place Market,Tours & Attractions,Downtown,47.60939675,-122.34141017673986,Rain,53,10 mph,S
396,Untold Stories: World War II at 75,Ongoing,The Museum of Flight,Museums,South Seattle,,,Rain,53,8 to 12 mph,S
397,Bezos Center for Innovation,Ongoing,Museum of History & Industry,Museums,Queen Anne / Seattle Center,47.6275114,-122.3367506,Light Rain Likely,52,8 mph,S
398,Maritime Seattle,Ongoing,Museum of History & Industry,Museums,Queen Anne / Seattle Center,47.6275114,-122.3367506,Light Rain Likely,52,8 mph,S
399,True Northwest: The Seattle Journey,Ongoing,Museum of History & Industry,Museums,Queen Anne / Seattle Center,47.6275114,-122.3367506,Light Rain Likely,52,8 mph,S
400,Metaphor into Form: Art in the Era of the Pilchuck Glass School,Ongoing,Tacoma Art Museum,Museums,South,,,Rain,53,8 to 12 mph,S
401,Winter in the West,Ongoing,Tacoma Art Museum,Museums,South,,,Rain,53,8 to 12 mph,S
402,Ballard Farmers Market – Sunday,Ongoing,Ballard Farmers Market,Festivals & Special Events,Fremont / Ballard,,,Rain,53,8 to 12 mph,S
403,Capitol Hill Farmers Market – Sunday,Ongoing,Capitol Hill Farmers Market,Festivals & Special Events,Capitol Hill / Central District,47.61889245,-122.32016705491073,Light Rain Likely,52,8 mph,S
404,University District Farmers Market,Ongoing,University District Farmers Market,Festivals & Special Events,University District,,,Rain,53,8 to 12 mph,S
405,Fremont Sunday Market,Ongoing,Fremont Farmers Market,Festivals & Special Events,Fremont / Ballard,,,Rain,53,8 to 12 mph,S
406,Chihuly Garden and Glass Gallery Talks & Tours,Ongoing,Chihuly Garden and Glass,Tours & Attractions,Queen Anne / Seattle Center,47.6205296,-122.35020712496446,Light Rain Likely,53,9 mph,S
407,Boundless: Stories of Asian Art,Ongoing,Seattle Asian Art Museum,Museums,Capitol Hill / Central District,47.63029565,-122.31413540328062,Light Rain Likely,52,8 mph,S
408,Kenzan Tsutakawa-Chinn: Gather,Ongoing,Seattle Asian Art Museum,Museums,Capitol Hill / Central District,47.63029565,-122.31413540328062,Light Rain Likely,52,8 mph,S
409,Art Walk Edmonds | Every Third Thursday,Ongoing,Cascadia Art Museum,Visual Arts & Galleries,North,,,Rain,53,8 to 12 mph,S
410,Rise Up: Stonewall and the LGBTQ Rights Movement,Ongoing,MoPOP Museum of Pop Culture,Museums,Queen Anne / Seattle Center,47.6214931,-122.3482252740562,Light Rain Likely,53,9 mph,S
411,Show Me Seattle Tours,Ongoing,"Seattle, WA",Tours & Attractions,Downtown,47.6191101,-122.33653138239433,Light Rain Likely,52,8 mph,S
412,LeMay – America’s Car Museum,Ongoing,LeMay - America's Car Museum,Museums,South,,,Rain,53,8 to 12 mph,S
413,History Link Tours,Ongoing,"Seattle, WA",Tours & Attractions,Downtown,47.6191101,-122.33653138239433,Light Rain Likely,52,8 mph,S
